X,x,classifi
1,Be a much more interesting race if Trump v Sanders. Polar opposites. ,positive
2,I like that Cruz is now linking . Making them one in the same.,negative
3,"AIPAC Speech Was a Symphony of Craven, Delusional Pandering ",negative
5, you're terrible Then why'd you donate so much $$ to me,negative
6,She should've released a flock of hawks to fly overhead as she spoke,negative
7,"Hillary ClintonCriticizes Sheriff Joe Arpaio, Immigration Proxy for",negative
8,Vow to Protect Israel but Differ on Means,positive
9,as she arrives at ,positive
10,"Who would you rather have as the President?
for this Rock or like for ",positive
11,Wonder how many $27 contributions got at her fundraiser hosted by the NRA lobbyist,positive
12,"Criticizes Sheriff Joe Arpaio, Immigration Proxy for ",negative
14,"Criticizes Sheriff Joe Arpaio, Immigration Proxy forMr. Arpaio",positive
15,"Hysterical millennials make a lot of noise, but there aren't enough of them to defeat Trump. They hate anyways.",negative
16,"My favorite was , Where was my opponent when I was working for healthcare in 93",positive
19,"Trump accuses of reading her AIPAC speech off a prompter, after he...reads his AIPAC speech off a prompter.",negative
20,"Gov. Kate Brown endorsesfor president | News, Weather, Sports, Breaking News ",positive
21,fair enough but you said was running a horrible campaign,negative
22,if you vote Hillary you dumb af,negative
23,Bombshell Audio Leaked: Hillary Clinton‚Äôs Plan to Take Away Your Guns https://t.co/gDgnAFUmL5,negative
24,Why the haters should wake up and stop abusing ,negative
25,"Ep. 92 - Hillary Is Anti-Israel, Obama Is Pro-Cuba, Is Anybody Pro-Ameri... https://t.co/jV68iulkMB via @BenShapiro",positive
26,"RT @CNN: Donald Trump responds to Hillary Clinton: I have the steadiest hands, far steadier than hers https://t.co/3SsFjKO2Cm https://t.co/‚Ä¶",negative
27,"RT @cshirky: When Sanders finds out black people live ALL OVER the US, he'll be bummed https://t.co/34gyaNtRul #OhioIsntDeepSouth https://t‚Ä¶",negative
28,"$20 says it'll be a gotcha/ inquisition on CNN 4 Hillary, meanwhile most of the others have no clue but won't be called out on that.",negative
29,"If Cruz is the nominee, the Senate goes Democrat guaranteed and maybe the house. Oh, and Hillary wins in a landslide https://t.co/LjvXYzdrxa",positive
31,"First Draft: Hillary Clinton Criticizes Sheriff Joe Arpaio, Immigration Proxy for Donald Trump: Mr. Arpaio, th... https://t.co/z7cpWE8TFp",positive
32,@sydney2m I bet Hillary's would explode! Ewwwwww,negative
33,RT @BernieSanders: Wonder how many $27 contributions @HillaryClinton got at her fundraiser hosted by the NRA lobbyist: https://t.co/w8IHpJ5‚Ä¶,positive
36,RT @BernieSanders: Wonder how many $27 contributions @HillaryClinton got at her fundraiser hosted by the NRA lobbyist: https://t.co/w8IHpJ5‚Ä¶,positive
37,"First Draft: Hillary Clinton Criticizes Sheriff Joe Arpaio, Immigration Proxy for Donald Trump: Mr. Arpaio, th... https://t.co/zNyP6NQosw",positive
40,"RT @lisabailey2014: Hillary Clinton Lands in Texas, Goes DIRECTLY to Muslim Fund-Raiser, Collects $500,000 https://t.co/V49dzUWgaE https://‚Ä¶",positive
41,@GovJVentura Voting for Hillary is voting for bush - https://t.co/4PTDw3vPbd,negative
43,"RT @politicalmiller: Gov Brown: Hillary ""aims to break down the barriers that hold working families back"" Amen! #ImWithHer #ShesWithUs http‚Ä¶",positive
44,"RT @Newsweek: Hillary Clinton slams Donald Trump at AIPAC: ""We need steady hands"" in the White House https://t.co/tfpoon0B9a https://t.co/G‚Ä¶",positive
45,"@SarahEMcBride #MedicareMermaids, Pro Hillary Webseries! 6 Episodes all for Hillary! 

PILOT
https://t.co/cgynDdOqhi",positive
46,"RT @ShowUp4Bernie: #StillSanders #Hillary 

Liberal media is stupid to blackout Bernie

Conservative media is genius to blackout Bernie htt‚Ä¶",negative
47,"RT @DylanByers: Donald Trump just hit Hillary Clinton for using a teleprompter at AIPAC, after he used a teleprompter at AIPAC.",negative
48,"RT @itsGirICode: Who would you rather have as the President?
RT for this Rock or like for Hillary https://t.co/5KXV45PFb0",positive
49,RT @wikileaks: Clinton email reveals that Hillary worked with Google CEOs to keep ,negative
50,"RT @ggreenwald: Hear that noise? It's liberals walking around confused, trying to figure out how to attack Trump's AIPAC speech that sounds‚Ä¶",positive
51,"RT @CNNPolitics: Ted Cruz: ""Trump's foreign policy is the Obama-Hillary leading from behind"" https://t.co/MdHAi0ZKvb #FinalFive https://t.c‚Ä¶",positive
52,RT @BernieSanders: Wonder how many $27 contributions @HillaryClinton got at her fundraiser hosted by the NRA lobbyist: https://t.co/w8IHpJ5‚Ä¶,positive
54,"RT @veganvecoh: DML Investigates the Dangerous Deeds of George Soros - Donations to Hillary &amp; Funding Protesters at Trump's Rallies.
https:‚Ä¶",positive
55,@hustleshewrote @sonyahuber Sonya Huber used to bang a guy with a Confed. flag so she is a hater just like Hillary. You SJWs are insane.,negative
58,"RT @AlisonSpalding2: Hillary is no prog
-PRO death pen
-ANTI legalizing mj
-PRO 4Profit prison
PRO FRACKING
-PRO WAR 
-ANTI #fightfor15 htt‚Ä¶",negative
59,RT BernieSanders: Wonder how many $27 contributions HillaryClinton got at her fundraiser hosted by the NRA lobbyis‚Ä¶ https://t.co/M1EmOv6fmo,positive
60,RT @scottienhughes: WOW.. @realDonaldTrump getting standing ovation at ,negative
61,"RT @AuntieAdjeley: @inabster @meNabster @PutinRF_Eng 
WOWSER!!  THREE CHEERS FOR HIM, BUT LOOK OUT FOR HILLARY CLINTON! I WISH HIM ALL THE ‚Ä¶",negative
62,"RT @zack_streets: Number of United States House Reps Endorsing

Bernie Sanders: 6
Hillary Clinton: 164

#ImWithHer #NotFeelingTheBern https‚Ä¶",positive
63,@CNN if that's the case Ted then you need to drop out and quit complaining but if hillary gets it that's your fault as well as honky Johnny,positive
64,"RT @peddoc63: Hillary's Accomplishments:
üåÄFired from WaterGate
üåÄDefended Child Rapist
üåÄDead Broke
üåÄBenghazi
üåÄClinton Cash https://t.co/Dggk‚Ä¶",negative
65,RT @TheCyanRollins: A girl's group message holds more secrets than Hillary Clinton's email,positive
66,Republican John Kasich is the Republican who does best against Clinton - CBS/NYT poll https://t.co/UWGQ4Vz64f via cbsnews,negative
67,"RT @DylanByers: Donald Trump just hit Hillary Clinton for using a teleprompter at AIPAC, after he used a teleprompter at AIPAC.",negative
68,Why Hillary Clinton Doesn‚Äôt Deserve the Black Vote via @thenation https://t.co/V7zV0xyypb,negative
69,"Oh...Your Hilary...""What difference does it make""...? 'Right'-your above us. https://t.co/Gzlm7Kp2GH via @IBDeditorials",negative
70,RT @shereedre10: George Clooney endorses Hillary Clinton and says she's 'the only grown-up in the room' https://t.co/GjJfCeLe4M ,positive
71,"RT @glennbeck: If Utah chooses Hillary, she'd be 1st Dem to win since LBJ. But see how she stacks up against Cruz. https://t.co/577pjdL2Dp",positive
72,"RT @TRUMP_PREZ: Cuba: Before and After Socialism (Castro)

Hillary wants do this to America

#GOP &amp; #DEMS must unite behind #TRUMP

https:/‚Ä¶",positive
74,RT @cnnbrk: Ex-staffer suing House Benghazi panel drops Clinton bias charge. https://t.co/TKqRSakm0h. https://t.co/4gJlorv8pb,positive
75,"RT @CNN: Donald Trump responds to Hillary Clinton: I have the steadiest hands, far steadier than hers https://t.co/3SsFjKO2Cm https://t.co/‚Ä¶",negative
77,RT @Lrihendry: Hey Hillary! We got your number! 666 ,negative
78,"RT @omarepps: Hillary is the political version of Kathy Bates in MiseryüòÇüòÇüòÇ
Watch ya ankles son, watch ya ankles.. üòÇüòÇüòÇ
#ClintonTrump",negative
80,Hillary Clinton bringing campaign to Seattle-area on Tuesday ,positive
81,"RT @CNN: Ted Cruz: If Donald Trump is the nominee, it's a disaster. Hillary Clinton wins. https://t.co/3SsFjKO2Cm #FinalFive https://t.co/J‚Ä¶",positive
82,"RT @zerohedge: FBI ""Increasingly Certain"" Hillary Broke The Law, Stone-Walled By White House https://t.co/YQAsNkqg6u",negative
83,"Who Is the Hillary
Voter?        https://t.co/AgSZEaOiX7",negative
84,FTR Us Anti-Clinton people will not stoop so low to release an ad featuring a nude Hillary ,negative
85,"RT @ZaidJilani: So polling shows Bernie could put Utah -- Utah -- in play, while Hillary is within margin of error vs GOP",negative
86,"RT @codesforguys: Who would you rather have as the President?
RT for this Rock or like for Hillary https://t.co/7R7vh1rmqu",positive
87,"RT @chanelpuke: Who would you rather have as the President?
RT for this Rock or like for Hillary https://t.co/wpEnyohvdN",positive
88,"RT @lhfang: What a coincidence, after big Hillary Super Tuesday win, stocks for defense contractors Lockheed, General Dynamics, Boeing, etc‚Ä¶",positive
89,"First Draft: Hillary Clinton Criticizes Sheriff Joe Arpaio, Immigration Proxy for Donald Trump https://t.co/cnMejh8V6S",positive
90,"RT @ggreenwald: Hear that noise? It's liberals walking around confused, trying to figure out how to attack Trump's AIPAC speech that sounds‚Ä¶",positive
91,RT @antoniodelotero: carly fiorina dragged hillary SO HARD IM SCREAMING https://t.co/eCZUJg1NcB,positive
92,RT @CommonWhiteGirI: Who would you rather have as the President? RT for this Rock or like for Hillary https://t.co/d7xdlAFKkP,positive
93,@Boiarski I don't trust Trump. Trump is a dangerous cartoon character who knows exactly what he's doing. Hillary is inconsistent &amp,negative
94,@brithume @willcollier @dcexaminer : He is speaking truth. Hillary tanked herself when she called Obama one of the greatest potus ever.,positive
95,Focus Group Calls Hillary ‚ÄúThe Worst Liar I‚Äôve Ever Seen.‚Äù ‚ÄúShe Even Lies About Lying!‚Äù https://t.co/IzvanNcQgr https://t.co/3di01uhElC,negative
96,RT @LibertyBritt: Just drove by Trump's new DC hotel.It should be ready in time for Hillary to book for her inaugural ball ,positive
97,@idrawrobots Cruz is not that guy.  Trump is.  Bernie is.  Hillary...well...should be in a prison cell.,negative
98,RT @versacecum: id pick hillary clinton over donald trump any day,positive
99,RT @BernieSanders: Wonder how many $27 contributions @HillaryClinton got at her fundraiser hosted by the NRA lobbyist: https://t.co/w8IHpJ5‚Ä¶,positive
100,"RT @DylanByers: Donald Trump just hit Hillary Clinton for using a teleprompter at AIPAC, after he used a teleprompter at AIPAC.",negative
101,"RT @gerfingerpoken: But, Hillary, You Told Video Lie 2 Benghazi Dead Parents B4 Sons' Caskets https://t.co/7t7nmyjmuG  American Thinker htt‚Ä¶",positive
104,@ConsiderThis1 @msbhavens1 hates Obama- hates Hillary-yet she wins? He's the only one that talked Social security and he wins seniors?,negative
105,RT @FoxNews: .@ScottBaio says his reason for supporting ,positive
106,.@wtfjxrge y'all really would rather not vote for Hillary and let Trump become YOUR next president???? Y'all wildin,positive
108,"RT @DylanByers: Donald Trump just hit Hillary Clinton for using a teleprompter at AIPAC, after he used a teleprompter at AIPAC.",negative
109,"RT @CNN: Donald Trump responds to Hillary Clinton: I have the steadiest hands, far steadier than hers https://t.co/3SsFjKO2Cm https://t.co/‚Ä¶",negative
110,RT @AmyMek: Jews in Israel know how evil Obama/Hillary are 2 them! JINOS in USA don't care about Any Israel! Jews Who do Care Will Vote Tru‚Ä¶,negative
111,RT @BernieSanders: Wonder how many $27 contributions @HillaryClinton got at her fundraiser hosted by the NRA lobbyist: https://t.co/w8IHpJ5‚Ä¶,positive
112,"RT @GuyCodes: Who would you rather have as the President?
RT for this Rock or like for Hillary https://t.co/n02sn0mNJq",positive
113,RT @KSP_Collins: @asmith001992 @seankelly014 plus it's looking like she'll be indicted before the super delegates even vote https://t.co/lG‚Ä¶,negative
114,"""Hillary Clinton and Donald Trump Vow to Protect Israel but Differ on Means"" by MARK LANDLER and MAGGIE HABERMAN v‚Ä¶ https://t.co/x5p0kItRtc",positive
115,@DiamondandSilk @tedcruz He won't come clean though. No more than Hillary will!,positive
116,RT @PaulBrandfass: Editorial: Hillary Clinton has the experience to lead https://t.co/WAtV3Rdasq Vote for @HillaryClinton Arizona! ,positive
117,RT @CommonWhiteGirI: Who would you rather have as the President? RT for this Rock or like for Hillary https://t.co/d7xdlAFKkP,positive
118,"RT @CNN: Donald Trump responds to Hillary Clinton: I have the steadiest hands, far steadier than hers https://t.co/3SsFjKO2Cm https://t.co/‚Ä¶",negative
119,"RT @treyconners: again shows hillary LIED to congress #Benghazi

BOMBSHELL: US Was Smuggling Guns to Syria Through Benghazi Consulate https‚Ä¶",negative
120,"RT @CNN: Donald Trump responds to Hillary Clinton: I have the steadiest hands, far steadier than hers https://t.co/3SsFjKO2Cm https://t.co/‚Ä¶",negative
121,"RT @causticbob: American servicemen now refer to Hillary Clinton's airplane as...

""Broomstick One"". 

#Hillary2016",negative
123,"RT @DylanByers: Donald Trump just hit Hillary Clinton for using a teleprompter at AIPAC, after he used a teleprompter at AIPAC.",negative
124,"RT @MSNBC: .@BernieSanders says @HillaryClinton is ""much more hawkish"" than him.  https://t.co/jwOmvbGBAR",negative
125,"RT @CauseWereWasted: Who would you rather have as the President?
RT for this Rock or like for Hillary https://t.co/uAiBiKuhYZ",positive
126,"RT @MO4Hillary: This primary is being decided state by state. Help Hillary win in three easy (seriously, easy) steps: https://t.co/f388VSmm‚Ä¶",positive
127,RT @ReaganCoalition: Bombshell Audio Leaked: Hillary Clinton‚Äôs Plan to Take Away Your Guns https://t.co/gDgnAFUmL5,negative
128,"RT @MSNBC: .@BernieSanders says @HillaryClinton is ""much more hawkish"" than him.  https://t.co/jwOmvbGBAR",negative
129,"RT @NBCInvestigates: Clinton says majority of $ from small donations. @PolitiFact finds that ""mostly false."" https://t.co/Ry4ewdv8Q0 https:‚Ä¶",positive
130,"RT @SarcasmTxts: Who would you rather have as the President?
RT for this Rock or like for Hillary https://t.co/BjURSF5EBn",positive
131,RT @peopleforher: @BernieSanders Hillary is against this and you know it. Hillary talks about it every chance she gets at debates. Stop the‚Ä¶,positive
132,It's March. By August those numbers will be reversed and pressure will be on Hillary to drop out.  https://t.co/85teQYWAyN,negative
133,Read this. National CBS/NYT poll @BernieSanders within 5 puts of Hillary. https://t.co/dpSfUH20no via @cbsnews ,negative
134,"RT @gerfingerpoken: Check out ""13 Hours And Counting To End Of Hillary's Candidacy"" Tea Party Command #PJNET https://t.co/Efmnfcd011 https:‚Ä¶",negative
135,"Who Is the Hillary
Voter? https://t.co/gV9q6vPkRY",negative
136,RT @BernieSanders: Wonder how many $27 contributions @HillaryClinton got at her fundraiser hosted by the NRA lobbyist: https://t.co/w8IHpJ5‚Ä¶,positive
137,"RT @jonfavs: Trump accuses Hillary of reading her AIPAC speech off a prompter, after he...reads his AIPAC speech off a prompter.",negative
138,RT @TAW3343: Vote for Hillary &amp  defeat Trump. She's the only one who can do it. https://t.co/e3EAXq83Ex,positive
139,RT @CommonWhiteGirI: Who would you rather have as the President? RT for this Rock or like for Hillary https://t.co/d7xdlAFKkP,positive
140,"RT @CauseWereWasted: Who would you rather have as the President?
RT for this Rock or like for Hillary https://t.co/uAiBiKuhYZ",positive
141,"Just saw @realDonaldTrump on @wolfblitzer. ""...she doesn't know me, Hillary doesn't know my policies."" KNOW BODY KNOWS YOUR POLICIES!!",negative
142,"But, Hillary, You Told Video Lie 2 Benghazi Dead Parents B4 Sons' Caskets https://t.co/7t7nmyjmuG  American Thinker https://t.co/JI8njxchvU",negative
143,"RT @CauseWereWasted: Who would you rather have as the President?
RT for this Rock or like for Hillary https://t.co/uAiBiKuhYZ",positive
144,"RT @jonfavs: Trump accuses Hillary of reading her AIPAC speech off a prompter, after he...reads his AIPAC speech off a prompter.",negative
145,"RT @kalpenn: #FeelTheBern https://t.co/0tkXSpsB6N
Donald Trump and Hillary Clinton viewed unfavorably by majority - CBS/NYT poll https://t.‚Ä¶",negative
146,"RT @DiamondandSilk: Kasich, millions of  people got out &amp; voted for @realDonaldTrump.  Don't go against the will of the people.  Trump will‚Ä¶",negative
147,"RT @rhondakelly0: @CNN Hillary let our Troops be butchered by. Muslims. They begged her for there lives u vote 4 her u hate our , Vets Troo‚Ä¶",negative
148,"RT @albamonica: Hillary Clinton on Gabby Giffords in Phoenix, AZ: ""I am in awe of her courage"" https://t.co/CB2U6iyj5x",positive
149,"RT @AlisonSpalding2: @b1e56df9ce6549f  Hillary has a racist bone
The truth has shown itself. 
#WeEndorsebernie 
ByThePeople #ForThePeople h‚Ä¶",negative
150,RT @charlesfrith: Wikileaks email between Zionists Lynn de Rothschild and Hillary Clinton https://t.co/t28bzdjX7e,negative
152,"RT @CauseWereWasted: Who would you rather have as the President?
RT for this Rock or like for Hillary https://t.co/uAiBiKuhYZ",positive
153,RT @nxthompson: New poll: basically no one in America is OK with both Hillary and Trump. https://t.co/e5ZoUnkKZE,negative
154,RT @abbey_sears: Angel swears she knows Hillary Clinton personally I can't deal with her anymore someone come get her,positive
155,"It‚Äôs Not Sexist To Notice Hillary Clinton‚Äôs Weaknesses: Her flaws are many and painfully obvious.
https://t.co/RNgk0K7EGd",negative
156,RT @BernieSanders: Wonder how many $27 contributions @HillaryClinton got at her fundraiser hosted by the NRA lobbyist: https://t.co/w8IHpJ5‚Ä¶,positive
157,"RT @lhfang: What a coincidence, after big Hillary Super Tuesday win, stocks for defense contractors Lockheed, General Dynamics, Boeing, etc‚Ä¶",negative
158,RT @OPB: .@ORGovKateBrown endorses @HillaryClinton for president https://t.co/CTVQOuyVbk,positive
159,Donald Trump attack ad on Hillary Clinton https://t.co/cSyEza862e via @YouTube @politacs7 ,negative
160,"RT @CauseWereWasted: Who would you rather have as the President?
RT for this Rock or like for Hillary https://t.co/uAiBiKuhYZ",positive
161,RT @zie88z: RT BernieSanders: Wonder how many $27 contributions HillaryClinton got at her fundraiser hosted by the NRA lobbyis‚Ä¶ https://t.c‚Ä¶,positive
162,Hillary: 'What's Taking Us So Long' To Elect A Woman President [VIDEO] | The Daily Caller https://t.co/hclqMGgx0i we just don't want you,positive
163,@wolfblitzer it appears that the American People want Journalists to ask Hillary about Benghazi and if She Feels she may be Arrested Soon!,negative
164,"RT @DefendingtheUSA: BREAKING! 
NEW CNN/ORC National poll: 
Trump 47
Cruz 31
Kasich 17
https://t.co/AxDuce12cf
#Trump2016 #UtahCaucus #Ariz‚Ä¶",negative
165,Hillary pledges to advance the international order,positive
166,RT @Drunk_America: Reasons to vote for Hillary Clinton: https://t.co/vQh8H4okKD,positive
167,"RT @donnakaz: When Hillary wins
I will cry and shout, ‚ÄúIt‚Äôs been 
a long time coming.‚Äù
#HaikuForHillary #ImWithHer",positive
168,Sign @RBReich's petition: Bernie or Hillary? Let the voters decide -- not party elites  https://t.co/lWuTFqN6R7,negative
169,"RT @CauseWereWasted: Who would you rather have as the President?
RT for this Rock or like for Hillary https://t.co/uAiBiKuhYZ",positive
170,RT @moisturizeds: somebody come get hillary clinton https://t.co/QZT1VcVVrJ,negative
171,"RT @TweetLlkeAGuy: Who would you rather have as the President?
RT for this Rock or like for Hillary https://t.co/w2ccPnntBj",positive
172,RT @gerfingerpoken: (IBD) Hillary's Intimidation Of ,negative
173,"For those who can't chose between Hillary or Trump, here's CLUMP. #FinalFive  #cnn https://t.co/qj7Cc40JjA",negative
175,"@DONALDTRUMP#colleenwhitak20 HILLARY KNOWS ABOUT WORLD AFFAIRS! SEC. OF STATE, ETC. YOU TRUMP
KNOW NOTHING! NOT DEALS! INCOMPETENT!",positive
176,"#ImWithHer reasons why I respect her Stop the hatred,racism,inequality&amp;violence  Hillary want to end this. Don't you https://t.co/V07b6KupyK",positive
177,Bernie thinks Hillary IS George Bush!  https://t.co/0Xk549YeIC,negative
178,RT @thedailybeast: Hillary Clinton brings down the house at ,negative
179,"RT @CNN: Donald Trump responds to Hillary Clinton: I have the steadiest hands, far steadier than hers https://t.co/3SsFjKO2Cm https://t.co/‚Ä¶",negative
180,@realDonaldTrump @AIPAC tHE GRAND DRAGON OF THE KKK ENDORSED HILLARY. NO 1 IN THE PRESS SAID THAT. @HILLARY.  WHY? https://t.co/Ir69PfdGhW,negative
181,Clinton Email Scandal: It‚Äôs Time Hillary Suspended Her Campaign https://t.co/1Zb4hRvx1I,negative
182,"RT @JohnFromCranber: HILLARY: Bill + I Were 'Dead Broke' When We Left Office. She Meant 'MORALLY' BANKRUPT, NOT 'Fiscally' Bankrupt #tcot h‚Ä¶",negative
183,"Trump says Hillary doesn't even know him... What??? Bro, do you even google? #finalfive #tytlive",positive
184,Clinton Email Scandal: It‚Äôs Time Hillary Suspended Her Campaign https://t.co/l5Df89FuYA,negative
185,@CNN Hillary is a disgrace to America.,negative
186,RT @BrianWhiteMA: drumpf just said Hillary doesn't know him. Oh really? Just like you don't know David Duke? ,positive
187,"RT @CauseWereWasted: Who would you rather have as the President?
RT for this Rock or like for Hillary https://t.co/uAiBiKuhYZ",positive
188,RT @ConservativeGM: @lolagomezucla @FiveRights actually Hillary is hated around the world. Egypt has indicted her and Obama. Suggest you re‚Ä¶,negative
190,"Next US president cannot be 'neutral' on Israel, asserts Hillary Clinton https://t.co/xff0m1QJRr",negative
191,RT @ALWarLegal: Did they also hear that candidates can win at convention? And that he's the only one who is beating Hillary? https://t.co/o‚Ä¶,negative
192,"Hillary we need those ak's to protect us from you and co workers, Oh wait you know that that's why you want our guns https://t.co/TzkJ3thO7u",negative
193,RT @BernieSanders: Wonder how many $27 contributions @HillaryClinton got at her fundraiser hosted by the NRA lobbyist: https://t.co/w8IHpJ5‚Ä¶,positive
196,"RT @dbelteshazzar1: Bill Clinton slams Barack #Obama's ""awful legacy"" which #Hillary will continue... https://t.co/wKqP1vEueh",negative
198,RT @umpire43: Hey Utah Take a look at who FUNDS CRUZ and Sanders and Hillary. I give you GEORGE SOROS- Wanted in Russia https://t.co/MKdcKh‚Ä¶,positive
200,RT @WisdomReact: somebody come get hillary clinton https://t.co/gpyfyVdkC8,negative
201,"RT @ComedyOrTruth: Who would you rather have as the President?
RT for this Rock or like for Hillary https://t.co/aBFsMu7VQM",positive
202,@JonathanMNews Well you are a Obama and Hillary supporter of course you are bias like all the media and journalist. Liberals .,positive
203,Donald Trump and Hillary Clinton viewed unfavorably by majority - CBS/NYT poll https://t.co/2tvSCB6aog,negative
204,"@b1e56df9ce6549f  That's not how Hillary sees it 

Bernie Sanders #ForThePeople https://t.co/hQbYrHAlTK",negative
205,"RT @CNN: Donald Trump responds to Hillary Clinton: I have the steadiest hands, far steadier than hers https://t.co/3SsFjKO2Cm https://t.co/‚Ä¶",negative
206,"RT @ThatsRelatabIe: Who would you rather have as the President?
RT for this Rock or like for Hillary https://t.co/1lVroSuyGz",positive
207,"RT @CauseWereWasted: Who would you rather have as the President?
RT for this Rock or like for Hillary https://t.co/uAiBiKuhYZ",positive
208,BLM is supposed to be inclusive not follow in the footsteps of a white feminist like Hillary where you beliefs stop at the boarder,negative
209,"RT @jonfavs: Trump accuses Hillary of reading her AIPAC speech off a prompter, after he...reads his AIPAC speech off a prompter.",negative
210,"RT @CauseWereWasted: Who would you rather have as the President?
RT for this Rock or like for Hillary https://t.co/uAiBiKuhYZ",positive
211,"RT @jonfavs: Trump accuses Hillary of reading her AIPAC speech off a prompter, after he...reads his AIPAC speech off a prompter.",negative
212,RT @GottaLaff: Just now on CNN ,negative
213,"RT @DylanByers: Donald Trump just hit Hillary Clinton for using a teleprompter at AIPAC, after he used a teleprompter at AIPAC.",negative
214,"RT @mitchellvii: Why has no one in the media asked Hillary too disavow the violent, racist anti-Trump protesters?",negative
215,@FoxNews @KatiePavlich /I haven't seen Hillary or Bernie tell these thugs to stop these protests and restore peace.These 2 don't want peace.,negative
216,RT @rob_mcwaters: Bill Clinton slams Obama. Hillary looses White House - Bill in the DogHouse - AGAIN,negative
217,"RT @ConservativeCCC: Voters are sick and tired of the system of cronyism, corruption and government that works for the well-connected... ht‚Ä¶",negative
218,"RT @ChooseCruzUSA: @tedcruz @CNN  If Trump wins the nomination Hillary wins in Nov &amp; then our nation is over as we know it, lets #ChooseCru‚Ä¶",positive
219,"RT @DiamondandSilk: Kasich, millions of  people got out &amp; voted for @realDonaldTrump.  Don't go against the will of the people.  Trump will‚Ä¶",positive
220,"RT @jonfavs: Trump accuses Hillary of reading her AIPAC speech off a prompter, after he...reads his AIPAC speech off a prompter.",negative
221,RT @BernieSanders: Wonder how many $27 contributions @HillaryClinton got at her fundraiser hosted by the NRA lobbyist: https://t.co/w8IHpJ5‚Ä¶,positive
222,"RT @X_Aeon_X: If Hillary is as pathetically weak and petty as your average feminist, she has no business being president. https://t.co/GNK1‚Ä¶",negative
223,"Still Looking For Volunteers to Help Document Hillary's Corruption throughout History in the News.. Anyone? Hard Workers Needed..
#OpHillary",negative
224,Can confidently say Abbi blurting out ‚ÄúI pegged!‚Äù to Hillary in last week‚Äôs ‚ÄúBroad City‚Äù is going to be a Top 5 funniest TV moment of 2016,negative
226,RT @BernieSanders: Wonder how many $27 contributions @HillaryClinton got at her fundraiser hosted by the NRA lobbyist: https://t.co/w8IHpJ5‚Ä¶,positive
227,"RT @ComedyPosts: Who would you rather have as the President?
RT for this Rock or like for Hillary https://t.co/zByVKZKoIy",positive
228,"RT @JohnKasich: BREAKING: 2 new polls out tonight!

Only John Kasich defeats Hillary Clinton in November.

https://t.co/I0uZ3dnqmU
https://‚Ä¶",negative
230,"RT @jonfavs: Trump accuses Hillary of reading her AIPAC speech off a prompter, after he...reads his AIPAC speech off a prompter.",positive
231,"RT @leonpui_: New Article on Hillary Rodham Clinton!
https://t.co/7qsupkOpwW",positive
233,RT @CommonWhiteGirI: Who would you rather have as the President? RT for this Rock or like for Hillary https://t.co/d7xdlAFKkP,positive
235,RT @BFScreenwriter: Clinton Email Scandal: It's Time Hillary Suspended Her Campaign https://t.co/YnfwOl0q0x via @IBDeditorials,negative
236,"RT @DisickReactions: Who would you rather have as the President? 
RT for this Rock or like for Hillary https://t.co/vJtleTC6S3",positive
237,"RT @DylanByers: Donald Trump just hit Hillary Clinton for using a teleprompter at AIPAC, after he used a teleprompter at AIPAC.",negative
238,"RT @DiamondandSilk: Kasich, millions of  people got out &amp; voted for @realDonaldTrump.  Don't go against the will of the people.  Trump will‚Ä¶",negative
239,"'Why do they hate Hillary Clinton so much?'
https://t.co/q7NoUQowl2",negative
241,"I think Trump would lose to Hillary by even worse than this!

#NeverTrump https://t.co/JZTxWuM5IN",positive
243,"RT @CauseWereWasted: Who would you rather have as the President?
RT for this Rock or like for Hillary https://t.co/uAiBiKuhYZ",positive
244,Oregon Gov. Kate Brown Endorses Clinton: Oregon Gov. Kate Brown endorsed Hillary Clinton for her party's presi... https://t.co/olb6iM6aBU,positive
246,@Kyle_Rokeh Hillary is sure to be indicted now üòê,negative
247,@BillyBatts1970 @MSamenfink @BillKristol He's a Hillary donor. Look it up.,negative
248,Oregon Gov. Kate Brown Endorses Clinton: Oregon Gov. Kate Brown endorsed Hillary Clinton for her party's presi... https://t.co/toAvLayx2I,positive
250,"RT @JohnKasich: BREAKING: 2 new polls out tonight!

Only John Kasich defeats Hillary Clinton in November.

https://t.co/I0uZ3dnqmU
https://‚Ä¶",positive
251,RT @TAW3343: Hillary Clinton always talks about the issues we Americans face. She never stoops to cheap shots or hurls vile insults on her ‚Ä¶,negative
252,"RT @Manstagram_: Who would you rather have as the President?
RT for this Rock or like for Hillary https://t.co/PVZKbPdjJ4",positive
253,Oregon Gov. Kate Brown Endorses Clinton: Oregon Gov. Kate Brown endorsed Hillary Clinton for her party's presi... https://t.co/b9R1jMb6br,positive
254,@KyGrifter @Rockprincess818 That would be great with voice over that Hillary has a lot of dirty laundry in her past.,positive
255,Hillary Clinton‚Äôs Hit List https://t.co/uRLodpPx9J,negative
256,"RT @CauseWereWasted: Who would you rather have as the President?
RT for this Rock or like for Hillary https://t.co/uAiBiKuhYZ",positive
257,Wow. Is all of @Univision as in the bag for Hillary Clinton as @UnivisionAZ?,negative
258,"RT @DylanByers: Donald Trump just hit Hillary Clinton for using a teleprompter at AIPAC, after he used a teleprompter at AIPAC.",negative
259,RT @DesertRiver: Fact. Hillary lied. Hilly tried to delete all these. FBI recovered them to her dismay. FBI investigating. DOJ is too https‚Ä¶,negative
260,"@BernieSanders @HillaryClinton Hillary is a shameless money hungry beast.
She will sell out to anyone or anything for her personal gain.",negative
261,RT @CommonWhiteGirI: Who would you rather have as the President? RT for this Rock or like for Hillary https://t.co/d7xdlAFKkP,positive
262,"RT @CNN: Donald Trump responds to Hillary Clinton: I have the steadiest hands, far steadier than hers https://t.co/3SsFjKO2Cm https://t.co/‚Ä¶",negative
263,I can't stomach Duncan Hunter...  Trump will NEVER win CA against Hillary... Never gonna happen! Hunter is outright dishonest. ,positive
264,I honestly don't think Trump or Hillary know what the heck they are talking about.,negative
265,"Well if they did it that fast, why is it taking years to arrest Hillary https://t.co/0t1OLebclQ",negative
266,"RT @GonzaloRCordova: If you hate Hillary Clinton, you should vote for her because no way will 4 years of dealing with America's shit not ma‚Ä¶",negative
267,Bernie Sanders's Global Victory Over Hillary Clinton https://t.co/Lz6j1uwDaf,positive
268,"Hillary Clinton‚Äôs AIPAC speech was a symphony of craven, delusional pandering: https://t.co/HoIlEFRnY2 via @slate",negative
269,"Trump is more sensible on Israel than Hillary, although Bernie is the BEST.
#AIPAC2016 #FeelTheBern",negative
271,"RT @JohnKasich: BREAKING: 2 new polls out tonight!

Only John Kasich defeats Hillary Clinton in November.

https://t.co/I0uZ3dnqmU
https://‚Ä¶",negative
272,RT BernieSanders: Wonder how many $27 contributions HillaryClinton got at her fundraiser hosted by the NRA lobbyis‚Ä¶ https://t.co/QSA5NT16D5,positive
273,"This is who HILLARY CLINTON really is, her comments re assassination is enough to make your skin crawl.  https://t.co/dnpgvxBB28",negative
274,"If Hillary Isn't Indicted, The Rule Of Law &amp; The Republic Are Dead https://t.co/TZxVMnDr1I",negative
279,"Hillary Clinton hits Donald Trump at AIPAC: Hillary Clinton took shots at Donald Trump's ""neutral"" record on Israeli and Palestinian ...",positive
280,RT @HBCU_Roundtable: Even if Hillary gets the nomination. You can still write in Bernie https://t.co/6W8bZ7G22F,negative
281,I think I'll take my chances with Hillary thanks  https://t.co/VOJNWlGfeO,positive
282,RT @peddoc63: Hillary Clinton Laughs about getting off of a Child Rapistüò°Listen to audioüëâüèΩ https://t.co/D6NQQjeHn7 ,negative
283,"Hillary Clinton hits Donald Trump at AIPAC: Hillary Clinton took shots at Donald Trump's ""neutral"" record on Israeli and Palestinian ...",positive
284,"Bernie thinks women fantasize about being raped , you lied about being raped &amp;Hillary's hubby was accused of rape ü§îhttps://t.co/32jYjb2QWc",negative
285,RT @davidfrum: 56% of registered Democrats would ‚Äúenthusiastically‚Äù support a Sanders candidacy versus 40% for a Hillary candidacy https://‚Ä¶,negative
286,"Hillary will paint him as nuclear trigger happy ""The most baffling moments from Trump's Wash Post ed board interview https://t.co/51n0rHsHVS",positive
287,"RT @jonfavs: Trump accuses Hillary of reading her AIPAC speech off a prompter, after he...reads his AIPAC speech off a prompter.",positive
288,"Hillary Clinton hits Donald Trump at AIPAC: Hillary Clinton took shots at Donald Trump's ""neutral"" record on Israeli and Palestinian ...",positive
289,"RT @CauseWereWasted: Who would you rather have as the President?
RT for this Rock or like for Hillary https://t.co/uAiBiKuhYZ",positive
290,"RT @DylanByers: Donald Trump just hit Hillary Clinton for using a teleprompter at AIPAC, after he used a teleprompter at AIPAC.",negative
292,"@brownsugar7878 @jettramel  #berniesanders
Don't worry that DNC $$ has been going to help Hillary.
https://t.co/7tW1TGDeI6",positive
293,"RT @EnemyWithinn: @BernieSanders @HillaryClinton 

Hillary Clinton was fighting for civil rights while you were in the Klan",positive
294,"RT @NBCInvestigates: Clinton says majority of $ from small donations. @PolitiFact finds that ""mostly false."" https://t.co/Ry4ewdv8Q0 https:‚Ä¶",positive
295,"RT @Fuerza_Mundial: #NotJustAnyWoman 
With Hillary all the way to her return to the White House. https://t.co/3Gk13CPjfU",positive
296,@GTolbert9 @michelekirkBPR @CNN You just don't care about the facts- I get it...  You love trump.  No different than a Hillary supporter.,negative
298,RT @BernieSanders: Wonder how many $27 contributions @HillaryClinton got at her fundraiser hosted by the NRA lobbyist: https://t.co/w8IHpJ5‚Ä¶,positive
299,"Ep. 92 - Hillary Is Anti-Israel, Obama Is Pro-Cuba, Is Anybody Pro-America? (Audio) https://t.co/guWqNxKoZr",negative
300,RT @wtfjxrge: You guys better vote for Hillary,negative
301,"HILLARY LIES , AMERICA DIES .",negative
302,"RT @GuyCodes: Who would you rather have as the President?
RT for this Rock or like for Hillary https://t.co/n02sn0mNJq",positive
304,RT @shbarney: @_HankRearden @BarbMuenchen He is so weak.  No way he could beat Hillary.,negative
306,RT @webs1934: @jackiemccaffrey Bernie is the reason I'm supporting Hillary. His campaign convinced me to vote for Hillary. I was none of th‚Ä¶,positive
307,RT @sanders_bot: Wonder how many $27 contributions HillaryClinton got at her fundraiser hosted by the NRA lobbyist: https://t.co/Mhg0cDqDVR,positive
308,"RT @NumbersMuncher: Trump now trails Hillary by *nine* in the national average, with Hillary taking her biggest lead since Labor Day. https‚Ä¶",negative
309,"@foxcarolinanews @Angelwings55sc 
That's really good and all the go arrest Hillary",negative
310,"RT @jonfavs: Trump accuses Hillary of reading her AIPAC speech off a prompter, after he...reads his AIPAC speech off a prompter.",negative
312,"RT @CNN: Donald Trump responds to Hillary Clinton: I have the steadiest hands, far steadier than hers https://t.co/3SsFjKO2Cm https://t.co/‚Ä¶",negative
313,RT @BernieSanders: Wonder how many $27 contributions @HillaryClinton got at her fundraiser hosted by the NRA lobbyist: https://t.co/w8IHpJ5‚Ä¶,positive
314,RT @gerfingerpoken2: (IBD) Hillary Clinton Ignored Nigeria's Terrorist Group ,negative
315,RT @BernieSanders: Wonder how many $27 contributions @HillaryClinton got at her fundraiser hosted by the NRA lobbyist: https://t.co/w8IHpJ5‚Ä¶,positive
316,"RT @CauseWereWasted: Who would you rather have as the President?
RT for this Rock or like for Hillary https://t.co/uAiBiKuhYZ",positive
318,RT @CommonWhiteGirI: Who would you rather have as the President? RT for this Rock or like for Hillary https://t.co/d7xdlAFKkP,positive
319,"@bakoooom and what I mean by at all costs is making sure he does not win this election, even as awful Hillary is she's God compared to him.",positive
320,RT @BernieSanders: Wonder how many $27 contributions @HillaryClinton got at her fundraiser hosted by the NRA lobbyist: https://t.co/w8IHpJ5‚Ä¶,positive
321,RT BernieSanders: Wonder how many $27 contributions HillaryClinton got at her fundraiser hosted by the NRA lobbyis‚Ä¶ https://t.co/djN6KhMoai,positive
322,@realDonaldTrump. You said you dont know Hillary is a lie. Every time you open your mouth its a lie.Your bipolar demented Know nothing on FP,negative
323,RT @AmyMek: Jews in Israel know how evil Obama/Hillary are 2 them! JINOS in USA don't care about Any Israel! Jews Who do Care Will Vote Tru‚Ä¶,negative
324,"RT @CauseWereWasted: Who would you rather have as the President?
RT for this Rock or like for Hillary https://t.co/uAiBiKuhYZ",positive
325,RT @davidfrum: 56% of registered Democrats would ‚Äúenthusiastically‚Äù support a Sanders candidacy versus 40% for a Hillary candidacy https://‚Ä¶,negative
326,RT @BernieSanders: Wonder how many $27 contributions @HillaryClinton got at her fundraiser hosted by the NRA lobbyist: https://t.co/w8IHpJ5‚Ä¶,positive
327,RT @antoniodelotero: carly fiorina dragged hillary SO HARD IM SCREAMING https://t.co/eCZUJg1NcB,negative
328,"RT @DiamondandSilk: Kasich, millions of  people got out &amp; voted for @realDonaldTrump.  Don't go against the will of the people.  Trump will‚Ä¶",negative
329,"RT @maint47: Retweeted Jon Stall (@JonStall2009):

Will Hillary send us up this Creek? https://t.co/7av6DnjWGg https://t.co/1rBov5bgkA",negative
330,"RT @Manstagram_: Who would you rather have as the President?
RT for this Rock or like for Hillary https://t.co/PVZKbPdjJ4",positive
331,"RT @Slate: Hillary Clinton‚Äôs AIPAC speech was a symphony of craven, delusional pandering: https://t.co/jwJcqbaApf https://t.co/sm5A1kBKa0",negative
332,RT @umpire43: Hey Utah Take a look at who FUNDS CRUZ and Sanders and Hillary. I give you GEORGE SOROS- Wanted in Russia https://t.co/MKdcKh‚Ä¶,negative
333,"Now that the contests are less predominantly black, Sec. Clinton doesn't mind cozying up. https://t.co/zWvdcztEKW",negative
334,6 Key Issues Where Trump Neutralizes Hillary or Runs to Her Left | Alternet https://t.co/Nf9RHTfKp6 https://t.co/l0nYIqnQ4H,negative
335,"RT @CNN: Donald Trump responds to Hillary Clinton: I have the steadiest hands, far steadier than hers https://t.co/3SsFjKO2Cm https://t.co/‚Ä¶",negative
336,RT BernieSanders: Wonder how many $27 contributions HillaryClinton got at her fundraiser hosted by the NRA lobbyis‚Ä¶ https://t.co/7d75A55xtZ,positive
337,"RT @CauseWereWasted: Who would you rather have as the President?
RT for this Rock or like for Hillary https://t.co/uAiBiKuhYZ",positive
338,@bortions_ has a poster of Hillary Clinton hanging above his bed.  Fully clothed.,negative
339,"Because Hillary is nothing if not consistent! For TPP, against it. Against Colombia trade pact, then for it. Etc. https://t.co/oqpyVGoVD0",negative
340,"RT @TweetLikeAGirI: Who would you rather have as the President?
RT for this Rock or like for Hillary https://t.co/BG4pCnT8wR",positive
341,RT @maggieNYT: Clinton used speech to turn to gen elex. Trump used his to clear a basic bar of credibility https://t.co/jFM1few4YT,negative
342,"RT @itsGirICode: Who would you rather have as the President?
RT for this Rock or like for Hillary https://t.co/5KXV45PFb0",positive
343,@DianneMarieTH Look at the polls Hillary will walk all over Trump. Cruz is beating her.The only reason Trump is ahead is Kasich &amp,negative
344,"RT @HillaryClinton: This primary is being decided state by state. Help Hillary win in three easy (seriously, easy) steps: https://t.co/8myX‚Ä¶",negative
347,"RT @causticbob: What is Bill Clinton's definition of safe sex?

When #Hillary is out of town.",negative
348,"RT @jonfavs: Trump accuses Hillary of reading her AIPAC speech off a prompter, after he...reads his AIPAC speech off a prompter.",negative
349,RT @BernieSanders: Wonder how many $27 contributions @HillaryClinton got at her fundraiser hosted by the NRA lobbyist: https://t.co/w8IHpJ5‚Ä¶,positive
350,"@BreitbartNews It's a referendum on whether our electorate is willing to vote for a pandering, incompetent, lying, petulant snob - Hillary",negative
351,"RT @jonfavs: Trump accuses Hillary of reading her AIPAC speech off a prompter, after he...reads his AIPAC speech off a prompter.",negative
352,RT @BernieSanders: Wonder how many $27 contributions @HillaryClinton got at her fundraiser hosted by the NRA lobbyist: https://t.co/w8IHpJ5‚Ä¶,positive
353,@katfukui She will be. She's ramping up to take Hillary's place after Hillary's indicted.,negative
355,"RT @ggreenwald: Hear that noise? It's liberals walking around confused, trying to figure out how to attack Trump's AIPAC speech that sounds‚Ä¶",positive
356,"RT @DylanByers: Donald Trump just hit Hillary Clinton for using a teleprompter at AIPAC, after he used a teleprompter at AIPAC.",negative
357,RT @BernieSanders: Wonder how many $27 contributions @HillaryClinton got at her fundraiser hosted by the NRA lobbyist: https://t.co/w8IHpJ5‚Ä¶,positive
358,RT @BrianWhiteMA: drumpf just said Hillary doesn't know him. Oh really? Just like you don't know David Duke? ,positive
359,Will white zionists ultimately pay the high price for a @realDonaldTrump kind of foreign policy? Hillary is a cheaper deal. ,negative
360,"#AIPAC2016 
Hillary LOL 
Dem chastize Israel 4 settlements
Dem = Israel give up more land
Dem criticize when they STRIKE BACK vs TERRORISTS",positive
361,"RT @TweetLikeAGirI: Who would you rather have as the President?
RT for this Rock or like for Hillary https://t.co/BG4pCnT8wR",positive
362,"RT @CauseWereWasted: Who would you rather have as the President?
RT for this Rock or like for Hillary https://t.co/uAiBiKuhYZ",positive
363,"RT @TweetLikeAGirI: Who would you rather have as the President?
RT for this Rock or like for Hillary https://t.co/BG4pCnT8wR",positive
364,RT @BernieSanders: Wonder how many $27 contributions @HillaryClinton got at her fundraiser hosted by the NRA lobbyist: https://t.co/w8IHpJ5‚Ä¶,positive
365,RT @FiveRights: Hillary's stance on Israel. https://t.co/QeDj7lbfE9,positive
366,GOP would party like it's 1998 with Hillary. A conservative newspaper retweeted 2 negative articles about Hillary today.,negative
367,@EB_Asbr @VanJones68 smh. Wonder how all those southern black Hillary voters feel now that they are not needed he is slamming POTUS. smh,positive
369,"RT @CauseWereWasted: Who would you rather have as the President?
RT for this Rock or like for Hillary https://t.co/uAiBiKuhYZ",positive
370,"RT @ggreenwald: Hear that noise? It's liberals walking around confused, trying to figure out how to attack Trump's AIPAC speech that sounds‚Ä¶",positive
371,RT @BernieSanders Wonder how many $27 contributions @HillaryClinton got at her fundraiser‚Ä¶ https://t.co/56BJJZtiki https://t.co/9fgQU4QDfV,positive
372,"RT @va_shiva: Sheer hypocrisy that Clinton supposedly does yoga, meditates and eats organic food while pushing GMOs on us. https://t.co/Bbv‚Ä¶",negative
373,"I think Democrats, especially women, are beginning to see who Hillary really is. @CaseyCat2007 @msbhavens1",positive
374,"RT @JohnKasich: BREAKING: 2 new polls out tonight!

Only John Kasich defeats Hillary Clinton in November.

https://t.co/I0uZ3dnqmU
https://‚Ä¶",negative
375,Robert Samuelson Pushes the TPP Again  https://t.co/udDV4r3X1O via @ceprdc Hillary just has orgasms when thinking of TPP and the job loss,negative
376,@TheSwissK @ggindc @JManning1727 @tedcruz @realDonaldTrump @CNN I want to watch Hillary beat either one of these losers.,positive
377,RT @redsteeze: Hillary says she's going to put coal miners out of business and no one died in Libya. GOP frontrunner yells about Megyn Kell‚Ä¶,positive
378,RT @BernieSanders: Wonder how many $27 contributions @HillaryClinton got at her fundraiser hosted by the NRA lobbyist: https://t.co/w8IHpJ5‚Ä¶,positive
379,"RT @aehooker501: Hillary Clinton Shrugs Off $675,000 Goldman Sachs‚Ä¶: https://t.co/0Uo1P46vP3

#AZPrimary #caucusforbernie #OfThePeople #Eno‚Ä¶",positive
380,RT @Lrihendry: Hey Hillary! We got your number! 666 ,negative
381,"@CindyCallinsky @TimBartender @jimmy_dore Wilkileaks exposes Hillary Libya, Syria plans, FB censors it #StillSanders https://t.co/7bnLgTv8at",positive
382,RT @CommonWhiteGirI: Who would you rather have as the President? RT for this Rock or like for Hillary https://t.co/d7xdlAFKkP,positive
384,"RT @rmbctious: O.k. Hillarists, given the speech Hillary just made to AIPAC can you FINALLY stop pretending she is a progressive?",negative
385,RT @BernieSanders: Wonder how many $27 contributions @HillaryClinton got at her fundraiser hosted by the NRA lobbyist: https://t.co/w8IHpJ5‚Ä¶,positive
386,"@mzee26 @WGinetta HILLARY IS SICK N THE HEAD,NEEDS TO ANSWER FOR HER CRIMES. FBI NEEDS TO DO THERE JOB NOW!!!",negative
387,"RT @JeffDSachs: Hillary got millions for AIPAC speech, from billionaire Haim Saban. More hawkish, more funds. Simple &amp; dangerous. https://t‚Ä¶",negative
388,RT @CommonWhiteGirI: Who would you rather have as the President? RT for this Rock or like for Hillary https://t.co/d7xdlAFKkP,positive
389,I added a video to a @YouTube playlist https://t.co/16UZ3ZpByf Hillary Clinton Announces Presidential Run Jim Jones Style,positive
390,"RT @ggreenwald: Hear that noise? It's liberals walking around confused, trying to figure out how to attack Trump's AIPAC speech that sounds‚Ä¶",negative
391,RT @Millennials4Her: Not on the Hillary phone call? You're missing out on great information. I'm sure @ajeanster would be happy to fill you‚Ä¶,negative
392,"RT @Manstagram_: Who would you rather have as the President?
RT for this Rock or like for Hillary https://t.co/PVZKbPdjJ4",positive
393,@smileyt22 @yourockrussell @WildPowers @cspanwj This is True Hillary is also a Republican even more so than some actual repubs,positive
394,"First Draft: Hillary Clinton Criticizes Sheriff Joe Arpaio, Immigration Proxy for Donald‚Ä¶ https://t.co/7a89DjxA3X https://t.co/90x0flmOJh",negative
395,Bombshell Audio Leaked: Hillary Clinton‚Äôs Plan to Take Away Your Guns https://t.co/gDgnAFUmL5,negative
396,"RT @DylanByers: Donald Trump just hit Hillary Clinton for using a teleprompter at AIPAC, after he used a teleprompter at AIPAC.",negative
398,"RT @BetteMidler: .@nytimes reports 53% of Americans don't like Hillary and 63% don't like @realDonaldTrump.  @kanyewest, jump in! You could‚Ä¶",positive
399,"RT @GuerrillaDems: Bernie Sanders's Global Victory Over Hillary Clinton https://t.co/JU3uO9hGVI
#StillSanders #ForThePeople #ImWithHer htt‚Ä¶",negative
401,"RT @HuffingtonPost: George Clooney praises Hillary Clinton, shades Trump in endorsement email https://t.co/JXigSCob5L https://t.co/iRUKJdj1‚Ä¶",positive
402,"RT @DanODradio: @thehill No, she tweeted a bunch of things. ""Stepping into the ring"" would have meant running...but she was too scared to o‚Ä¶",positive
403,"RT @adirado29: As Hillary Clinton bolstered Boeing, company returned the favor | The Seattle Times  https://t.co/nwz1Gv4RD3",positive
404,"RT @MrDane1982: Oh gosh, these boys are so damn boring with their overt macho talk! There's a reason why Hillary is a BOSS, she doesn't hav‚Ä¶",negative
405,"RT @DylanByers: Donald Trump just hit Hillary Clinton for using a teleprompter at AIPAC, after he used a teleprompter at AIPAC.",negative
406,RT @NatCounterPunch: The Devil and Hillary Clinton. https://t.co/PSZPMzqDsI https://t.co/CsDMyazJyU,negative
407,RT @KarenAttiah: My latest: When are we going to ask Hillary Clinton serious questions about her actions in Haiti and Honduras? https://t.c‚Ä¶,negative
408,"RT @LifeZette: Hillary is going for your guns, no matter the cost https://t.co/2EHC4eZleC https://t.co/3k9l6Qu5sJ",negative
409,"RT @MSNBC: .@BernieSanders says @HillaryClinton is ""much more hawkish"" than him.  https://t.co/jwOmvbGBAR",negative
412,RT @Sweetpea593: A vote for Donald is the same as a vote for Hillary ,negative
413,"RT @ConsiderThis1: My favorite was Hillary, Where was my opponent when I was working for healthcare in 93? @CaseyCat2007 https://t.co/cof2u‚Ä¶",positive
414,"RT @GeneMcVay: ‚òÖAre you tired of Magic Beans &amp; Pixie Dust peddled by Cruz &amp; Hillary?

Trump WILL:
Control our border
Bring our companies ba‚Ä¶",negative
415,RT @cvpayne: nobody believes Kasich beats Hillary ....do they ? https://t.co/qLCOaxLmat,negative
416,RT @AsheSchow: Some of the Left have finally turned on Lena Dunham‚Ä¶ because she supports Hillary! ‚Äî&gt,positive
417,"RT @AlisonSpalding2: Hillary is no prog
-PRO death pen
-ANTI legalizing mj
-PRO 4Profit prison
PRO FRACKING
-PRO WAR 
-ANTI #fightfor15 htt‚Ä¶",positive
418,RT @BernieSanders: Wonder how many $27 contributions @HillaryClinton got at her fundraiser hosted by the NRA lobbyist: https://t.co/w8IHpJ5‚Ä¶,positive
419,"RT @CauseWereWasted: Who would you rather have as the President?
RT for this Rock or like for Hillary https://t.co/uAiBiKuhYZ",positive
420,Why Hillary Clinton Doesn‚Äôt Deserve the Black Vote https://t.co/k7Vun0zobx,negative
421,"RT @OurGreatAmerica: Who would you rather have as the President?
RT for this Rock or like for Hillary https://t.co/Jnqk3QrJkT",positive
422,@Maggyw519 @indepundit1 Hillary doesn't care about u. U are a willing sacrifice. U're just a vote to her. Get mad. Won't change a thing.‚úåüíñüî•,positive
423,"RT @DiamondandSilk: Kasich, millions of  people got out &amp; voted for @realDonaldTrump.  Don't go against the will of the people.  Trump will‚Ä¶",negative
424,RT @jupiter896: HillaryClinton‚Äôs campaign just hit a major milestone:a Million donors https://t.co/35uZlMBecl ,positive
425,"RT @CauseWereWasted: Who would you rather have as the President?
RT for this Rock or like for Hillary https://t.co/uAiBiKuhYZ",positive
426,RT @umpire43: Hey Utah Take a look at who FUNDS CRUZ and Sanders and Hillary. I give you GEORGE SOROS- Wanted in Russia https://t.co/MKdcKh‚Ä¶,positive
427,"RT @jonfavs: Trump accuses Hillary of reading her AIPAC speech off a prompter, after he...reads his AIPAC speech off a prompter.",negative
430,RT @BernieSanders: Wonder how many $27 contributions @HillaryClinton got at her fundraiser hosted by the NRA lobbyist: https://t.co/w8IHpJ5‚Ä¶,positive
431,"I'm not anti-Hillary--I'm just not pro-Hillary. I'm voting FOR a candidate, a candidate #ForThePeople.  Can y'all say #VoteTheBern? #Bernie",positive
432,RT @scottienhughes: WOW.. @realDonaldTrump getting standing ovation at ,negative
433,The only people who think @ChezPazienza is funny are Hillary's supporters. And similar Republicans. https://t.co/3VvSYHe0sx,negative
434,"RT @GirlNotes: Who would you rather have as the President?
RT for this Rock or like for Hillary https://t.co/F5Yfoccv5u",positive
435,RT @CrowbarEmoji: there's literally no lesser evil between Trump and Hillary lmao this is incredible // if i had to vote i would flip a coin,negative
436,'We need steady hands' says Hillary Clinton..Can we count on someone like her who flip flops convictions to have steady hands?,negative
437,RT @veryblockable: RNC Condemns Bill Kristol‚Äôs Anti-Trump Third Party as ‚ÄòHelping to Elect Hillary Clinton‚Äô https://t.co/gDrXYSIVCk https:/‚Ä¶,negative
438,RT @politico: .@JillAbramson on @HillaryClinton: ‚ÄòShe does get more scrutiny‚Äô than men https://t.co/54hPQEVzeR https://t.co/l1drC5dLiL,positive
439,RT @peddoc63: Hillary goes after Wall Street Bankers for more cashüí∞ https://t.co/1wTB8FEuvs,positive
440,RT @BernieSanders: Wonder how many $27 contributions @HillaryClinton got at her fundraiser hosted by the NRA lobbyist: https://t.co/w8IHpJ5‚Ä¶,positive
441,RT @vandives: Trump is sexist? No. But Hillary pandering for your vote because you're also a female.. Now that just might qualify.,negative
442,@GMA please support hillary and stop trump and bernie..she is a future to believe in,negative
443,I'm now convinced that Bill Clinton sabotages Hillary Clinton's campaigns on purpose. He's too smart to be this dumb https://t.co/7QwYu3yrao,positive
446,"@CNNPolitics @Don_Vito_08 
HILLARY CLINTON MAY WIND UP SUPPORTING TRUMP BEFORE THE RACE IS OVER. THESE POLLS ARE STATISTICAL NONSENSE.",negative
447,RT @BernieSanders: Wonder how many $27 contributions @HillaryClinton got at her fundraiser hosted by the NRA lobbyist: https://t.co/w8IHpJ5‚Ä¶,positive
449,"RT @ProgBlacksmith: The way Hillary attaches herself to Obama &amp; says hes so wonderful, after attacking him viciously in 2008, is pathetic. ‚Ä¶",negative
451,RT @nuttinbutdatru1: HAVE YOU NOT HEARD ABOUT OBAMA AND HILLARY?? THEY ARE EVEN MORE REPULSIVE!! https://t.co/EulNTUBumS,negative
452,RT @webs1934: @jackiemccaffrey Bernie is the reason I'm supporting Hillary. His campaign convinced me to vote for Hillary. I was none of th‚Ä¶,negative
453,RT @BernieSanders: Wonder how many $27 contributions @HillaryClinton got at her fundraiser hosted by the NRA lobbyist: https://t.co/w8IHpJ5‚Ä¶,positive
454,"RT @JohnKasich: BREAKING: 2 new polls out tonight!

Only John Kasich defeats Hillary Clinton in November.

https://t.co/I0uZ3dnqmU
https://‚Ä¶",positive
455,This can't be good for Hillary. https://t.co/300tVcBc2l,negative
456,"RT @DylanByers: Donald Trump just hit Hillary Clinton for using a teleprompter at AIPAC, after he used a teleprompter at AIPAC.",negative
457,"RT @CauseWereWasted: Who would you rather have as the President?
RT for this Rock or like for Hillary https://t.co/uAiBiKuhYZ",positive
458,RT @BernieSanders: Wonder how many $27 contributions @HillaryClinton got at her fundraiser hosted by the NRA lobbyist: https://t.co/w8IHpJ5‚Ä¶,negative
459,"RT @chanelpuke: Who would you rather have as the President?
RT for this Rock or like for Hillary https://t.co/wpEnyohvdN",positive
460,RT @Libertea2012: RT The polls show U don't trust Hillary AT ALL. Why in THE HELL would U vote 4 her to have the nuclear codes? https://t.c‚Ä¶,negative
461,"RT @CauseWereWasted: Who would you rather have as the President?
RT for this Rock or like for Hillary https://t.co/uAiBiKuhYZ",positive
462,RT @BernieSanders: Wonder how many $27 contributions @HillaryClinton got at her fundraiser hosted by the NRA lobbyist: https://t.co/w8IHpJ5‚Ä¶,negative
463,Help elect Hillary Clinton‚Äîwithout leaving the house. https://t.co/VkfRnEYKzm,positive
464,RT @Jerusalem_Post: Herzog to Hillary: Read my peace plan ‚Äì when you get around to it https://t.co/dxBnbtPRqq ,positive
465,RT @CommonWhiteGirI: Who would you rather have as the President? RT for this Rock or like for Hillary https://t.co/d7xdlAFKkP,positive
466,RT @nancywriteon: Hillary Clinton for Nestle Toll House Cookies ,positive
467,Poll: Clinton trails only 1 in GOP:  https://t.co/UBcRlW4okU,positive
468,RT @PolitiFact: Clinton: Campaign 'depends on small donations for the majority of our support.' Mostly False https://t.co/l3rnmWgFUf https:‚Ä¶,negative
469,"RT @jonfavs: Trump accuses Hillary of reading her AIPAC speech off a prompter, after he...reads his AIPAC speech off a prompter.",negative
470,"RT @kgosztola: Hillary Clinton's unfavorability is apparently record-breaking, according to NYT poll https://t.co/QJlrV8HElY",negative
471,"Donald Trump responds to Hillary Clinton: I have the steadiest hands, far steadier than hers https://t.co/RXRntIyf6e https://t.co/pOmkfXxYTO",negative
472,"Donald Trump responds to Hillary Clinton: I have the steadiest hands, far steadier than hers https://t.co/3SsFjKO2Cm https://t.co/a6thkWjnaB",negative
473,"RT @WeNeedHillary: Hillary Is Strong
#ImWithHer #ShesWithUs #TNTweeters #FeelTheLove https://t.co/7F7BKvDUie",positive
474,"RT @TheFix: 6 in 10 GOPer say if no candidate gets a majority, delegates should vote for leading delegate-getter. https://t.co/ayrz8Xx2BO",positive
475,Poll: Clinton trails only 1 in GOP:  https://t.co/eYPx3UCHic,positive
476,"Hillary Clinton kissed the former KKK Robert Byrd. Snopes rated it ""TRUE""! https://t.co/bIaxtefFhC https://t.co/7Ml8gufOem",negative
477,"RT @OurGreatAmerica: Who would you rather have as the President?
RT for this Rock or like for Hillary https://t.co/Jnqk3QrJkT",positive
478,RT @EdMorrissey: Trump argues that he gives the GOP a chance to win New York. Three polls show no evidence of it. https://t.co/ATZxnHGKRQ,positive
479,RT @ReverendDrDash: Both the Hillary and Bernie have a hard time reconciling their disdain for Obama and the utility of riding his coattail‚Ä¶,positive
480,"RT @treyconners: again shows hillary LIED to congress #Benghazi

BOMBSHELL: US Was Smuggling Guns to Syria Through Benghazi Consulate https‚Ä¶",negative
481,RT @JoeSmithSDK: Is it true that Hillary Clinton is sending old peoples homes and disabled peoples homes absentee ballots ? ,positive
482,"RT @jonfavs: Trump accuses Hillary of reading her AIPAC speech off a prompter, after he...reads his AIPAC speech off a prompter.",negative
483,RT @ih8hillary: Hillary Clinton For Prison Funny Election Campaign T-Shirt - Male 3XL - Asphalt https://t.co/xREz3RFN92 (via Amazon) https:‚Ä¶,positive
484,"RT @CauseWereWasted: Who would you rather have as the President?
RT for this Rock or like for Hillary https://t.co/uAiBiKuhYZ",positive
485,"RT @expatina: If you‚Äôre in NV, please phone bank for Hillary. We want to make sure every single one of our delegates shows up at county con‚Ä¶",negative
486,"RT @CauseWereWasted: Who would you rather have as the President?
RT for this Rock or like for Hillary https://t.co/uAiBiKuhYZ",positive
487,"RT @RotNScoundrel: What do you call it when President Obama is in Cuba, Hillary Clinton is in prison and Bernie Sanders is in a nursing hom‚Ä¶",negative
488,@GentlemansHall In my dreams he's in Hillary's cabinet and Sanders is VP,negative
489,"RT @WeNeedHillary: Hillary Clinton 2016
The Real REVOLUTION
#ShesWithUs #ImWithHer #TNTweeters #HillYes #StandWithHillary #Hillary2016 http‚Ä¶",positive
490,"FBI ""Increasingly Certain"" Hillary Broke The Law, Stone-Walled By White House https://t.co/YQAsNkqg6u",negative
491,RT @BoycottAhava: Critics outraged by disgusting speech Hillary Clinton gave at ,negative
492,"RT @RichardAngwin: Hillary Clinton is wrong to oppose #FightFor15. Vote for a living wage
Elect Bernie Sanders!!
#FeelTheBern #tcot #1u htt‚Ä¶",negative
493,"RT @jonfavs: Trump accuses Hillary of reading her AIPAC speech off a prompter, after he...reads his AIPAC speech off a prompter.",negative
494,"RT @lhfang: What a coincidence, after big Hillary Super Tuesday win, stocks for defense contractors Lockheed, General Dynamics, Boeing, etc‚Ä¶",negative
495,"RT @jonfavs: Trump accuses Hillary of reading her AIPAC speech off a prompter, after he...reads his AIPAC speech off a prompter.",negative
496,Why are Trump and Hillary the only two candidates that the media talks about? This is why I hate news.,negative
497,"RT @NBCInvestigates: Clinton says majority of $ from small donations. @PolitiFact finds that ""mostly false."" https://t.co/Ry4ewdv8Q0 https:‚Ä¶",positive
498,"@JackBPR @len_volkel 

Is it surprising that @LindseyGrahamSC would prefer fellow open-borders globalist Hillary over @realDonaldTrump",positive
499,RT @RealJamesWoods: Email Reveals Hillary had YouTube Block Benghazi Videos - No surprise here... https://t.co/BOWYUjsYTF,negative
500,"RT @mikemitchellnyc: #Bernie says it's wrong to disrupt #Trump speeches--but wouldn't allow #Hillary to finish a sentence?
#msnbc #inners h‚Ä¶",negative
501,I'm sorry but I refuse to believe any senecio where  Kasich wins a landslide or where Cruz isn't beaten by Hillary https://t.co/n1K6ywamcn,negative
502,RT @BernieSanders: Wonder how many $27 contributions @HillaryClinton got at her fundraiser hosted by the NRA lobbyist: https://t.co/w8IHpJ5‚Ä¶,positive
503,RT @AmWarriorSocty: Anyone but Hillary. https://t.co/yCC4RfPUHX,negative
504,How Many People Actually Voted for Donald Trump and Hillary Clinton? Not Many - IVN.us https://t.co/R9FITopUQO,negative
505,RT @adirado29: Jill Abramson on Hillary Clinton: ‚ÄòShe does get more scrutiny‚Äô than men - POLITICO https://t.co/CPxd6mSrsa,positive
506,"RT @JohnKasich: BREAKING: 2 new polls out tonight!
Only John Kasich defeats Hillary Clinton in November.
https://t.co/I0uZ3dnqmU
https://‚Ä¶",negative
507,"RT @TweetLikeAGirI: Who would you rather have as the President?
RT for this Rock or like for Hillary https://t.co/BG4pCnT8wR",positive
508,@delangedotcom absolutely adore that Hillary Men have been dragging her lately as right wing and racist bc Bernie people like her,negative
509,I liked a @YouTube video https://t.co/16UZ3ZpByf Hillary Clinton Announces Presidential Run Jim Jones Style,positive
510,Trump just criticized Hillary Clinton for using a teleprompter. Says the man that could barely speak &amp,negative
512,Most Unbelievably Scandalous Video Hillary Wishes Never Saw Daylight (Video) - https://t.co/b5bCJE2Lv7 via @shareaholic,negative
513,"RT @MenstruaI: Who would you rather have as the President?
RT for this Rock or like for Hillary https://t.co/O8YdNrNllB",positive
514,"RT @jonfavs: Trump accuses Hillary of reading her AIPAC speech off a prompter, after he...reads his AIPAC speech off a prompter.",negative
515,RT @CommonWhiteGirI: Who would you rather have as the President? RT for this Rock or like for Hillary https://t.co/d7xdlAFKkP,positive
516,"RT @politicalmiller: Gov Brown: Hillary ""aims to break down the barriers that hold working families back"" Amen! #ImWithHer #ShesWithUs http‚Ä¶",negative
517,RT @LostDiva: or that we're killing 100K innocent people. Hillary loves the children! NOPE! ,negative
518,RT @CommonWhiteGirI: Who would you rather have as the President? RT for this Rock or like for Hillary https://t.co/d7xdlAFKkP,positive
519,"RT @wtfjxrge: Bernie supporters, will you vote for Hillary in the general election (RT after voting)",positive
520,RT @BernieSanders: Wonder how many $27 contributions @HillaryClinton got at her fundraiser hosted by the NRA lobbyist: https://t.co/w8IHpJ5‚Ä¶,positive
521,"RT @Barmesvt: Hillary says Isreal's security is non-negotiable yet she supports the Iran deal.  Two faced, Two faced. Two faced.",negative
522,"@CNN @realDonaldTrump @HillaryClinton Hillary is attacking Trump for a reason,she doesn't even speak Cruz's name.The Dems are running scared",positive
523,"""@jonfavs: Trump accuses Hillary of reading her AIPAC speech off a prompter, after he...reads his AIPAC speech off a prompter.""",negative
524,RT @CommonWhiteGirI: Who would you rather have as the President? RT for this Rock or like for Hillary https://t.co/d7xdlAFKkP,positive
525,"RT @TweetLikeAGirI: Who would you rather have as the President?
RT for this Rock or like for Hillary https://t.co/BG4pCnT8wR",positive
526,RT @BernieSanders: Wonder how many $27 contributions @HillaryClinton got at her fundraiser hosted by the NRA lobbyist: https://t.co/w8IHpJ5‚Ä¶,positive
527,"Wolf Blitzer to Donald Trump ""Hillary says u don't av steady hands"" Trump to Wolf ""I av steady hands. Look at these hands"" lol #FinalFive",negative
528,@rtraister @LOLGOP @michelleinbklyn Hillary is just another shameless politician who says what the audience wants to hear.,negative
529,"RT @jonfavs: Trump accuses Hillary of reading her AIPAC speech off a prompter, after he...reads his AIPAC speech off a prompter.",negative
531,RT @HillaryIn2016: Oregon Gov. Kate Brown endorses Hillary Clinton for president https://t.co/vJARLBruBk ,positive
532,RT @BrianWhiteMA: drumpf just said Hillary doesn't know him. Oh really? Just like you don't know David Duke? ,positive
533,"RT @JohnKasich: BREAKING: 2 new polls out tonight!
Only John Kasich defeats Hillary Clinton in November.
https://t.co/I0uZ3dnqmU
https://‚Ä¶",negative
534,"RT @GuerrillaDems: Bernie Sanders's Global Victory Over Hillary Clinton https://t.co/JU3uO9hGVI

#StillSanders #ForThePeople #ImWithHer htt‚Ä¶",negative
535,RT @SheilaPawley: Sounds like Mrs Cruz could be another Hillary! Very Scary!!!! https://t.co/eH6dgqLGnb,negative
536,RT @ellaspillane: Clinton isn't even my preferred candidate but this article is important  https://t.co/DFCIamE95x,negative
537,"RT @NumbersMuncher: Hillary is an unpopular, damaged candidate and the GOP has found a way to completely neutralize every one of her weakne‚Ä¶",negative
538,RT BernieSanders: Wonder how many $27 contributions HillaryClinton got at her fundraiser hosted by the NRA lobbyis‚Ä¶ https://t.co/1fQbCGgNOP,positive
539,"4/ eg: HRC crucified for dumb Reagan/AIDS remarks. You know who *did* help the ""nat'l conversation""? The Clintons! https://t.co/QInAUOLr28",positive
540,"RT @CauseWereWasted: Who would you rather have as the President?
RT for this Rock or like for Hillary https://t.co/uAiBiKuhYZ",positive
542,"RT @CauseWereWasted: Who would you rather have as the President?
RT for this Rock or like for Hillary https://t.co/uAiBiKuhYZ",positive
543,RT @DesertRiver: Fact. Hillary lied. Hilly tried to delete all these. FBI recovered them to her dismay. FBI investigating. DOJ is too https‚Ä¶,negative
544,"@MaliqMatthew @dhiggins63 @mrscorie They are riled up because the don't want Hillary, simple thruth.",positive
545,"RT @jonfavs: Trump accuses Hillary of reading her AIPAC speech off a prompter, after he...reads his AIPAC speech off a prompter.",negative
546,"When you hear Hillary say ""Israel's security is non-negotiable"" but you know she supports the Iran deal... https://t.co/VbXI6CUBXN",negative
547,RT @adirado29: Lena Dunham says her support for Hillary Clinton has unleashed 'hostility' from Sanders supporters https://t.co/b8XmYFQ9Yd,negative
548,RT @BoycottAhava: Critics outraged by disgusting speech Hillary Clinton gave at ,negative
549,"RT @GirlNotes: Who would you rather have as the President?
RT for this Rock or like for Hillary https://t.co/F5Yfoccv5u",positive
552,RT @StuntHangar: @TeresaC85469500 DT will be the next POTUS polls show he will beat Hillary 90% to 10% https://t.co/SW0nbbinLe,negative
553,RT BernieSanders: Wonder how many $27 contributions HillaryClinton got at her fundraiser hosted by the NRA lobbyis‚Ä¶ https://t.co/8egMgX7aZn,positive
554,RT @RaniaKhalek: Hillary Clinton claims ISIS is partnering with Hamas in Gaza. That's a slanderous lie. ,negative
555,"RT @CauseWereWasted: Who would you rather have as the President?
RT for this Rock or like for Hillary https://t.co/uAiBiKuhYZ",positive
556,"RT @PolitiBunny: #NeverTrump means just that, never Trump. It doesn't mean we want Hillary, it means we absolutely do not want and will not‚Ä¶",negative
558,"""Hillary Clinton and Donald Trump Vow to Protect Israel but Differ on Means"" by MARK LANDLER and MAGGIE HABERMAN v‚Ä¶ https://t.co/qjZCzdsmSH",positive
561,"#ForThePeople BERNIE, tell CNN that Hillary is pampering to Jews.Tell them she can't possibly care for your people more than you do. Fake",negative
562,"RT @jonfavs: Trump accuses Hillary of reading her AIPAC speech off a prompter, after he...reads his AIPAC speech off a prompter.",negative
563,"RT @AndreaTantaros: Why isn't media demanding Hillary Clinton denounce violence of Black Lives Matter &amp; Soros organized, paid protestors? S‚Ä¶",positive
564,RT @Millennials4Her: Not on the Hillary phone call? You're missing out on great information. I'm sure @ajeanster would be happy to fill you‚Ä¶,positive
566,@ggreenwald In fairness Trump's speech was far closer to reality than Hillary Clinton's.,negative
568,"RT @HillaryClinton: This primary is being decided state by state. Help Hillary win in three easy (seriously, easy) steps: https://t.co/8myX‚Ä¶",positive
569,RT @BernieSanders: Wonder how many $27 contributions @HillaryClinton got at her fundraiser hosted by the NRA lobbyist: https://t.co/w8IHpJ5‚Ä¶,positive
