joined,1st,spell,2nd,syn,3rd
remesh,re mesh,clab,clay,flooring,tile
wiremesh,wire mesh,ceadar,cedar,lopper,shear
trafficmaster,traffic master,isolation,insulation,chicken,animal
deckpaint,deck paint,roybi,ryobi,shelter,tent
whitewood,white wood,srud,stud,pine,wood
lawnmowers,lawn mower,doorr,door,lumber,wood
slatwall,slat wall,laterun,lantern,key,lock
proslat,pro slat,keorsene,kerosene,board,wood
hardwood,hard wood,edsel,edsal,mdf,wood
backsplach,back splash,lcoks,lock,sealant,seal
lockset,lock set,ridiing,riding,sealing,seal
tub/shower,tub shower,drils,drill,wooden,wood
handtools,hand tool,saww,saw,tank,heater
wheelbarrow,wheel barrow,insullation,insulation,plywood,wood
subfloor,sub floor,lithum,lithium,column,post
wireless,wire less,unsulation,insulation,barrow,cart
cordless,cord less,draweer,pull,epoxy,cement
workbench,work bench,milwaukie,milwaukee,coverall,suit
lightweight,light weight,vaccum,vacuum,steel,metal
18v,18 v,pannels,panel,reflective,foil
lawnmower,lawn mower,hagchet,hatchet,weed,trim
doorbell,door bell,scret,screw,pruner,shear
shoplight,shop light,polishewr,polishewr,driver,tool
zeroturn,zero turn,marrazi,marazzi,ratchet,tool
whitewood,white wood,liht,light,cord,wire
waxer/polisher,waxer polisher,hinges,hinge,drill,tool
drywall,dry wall,fyrpon,fypon,saw,tool
sheetrock,sheet rock,hamiltton,hamilton,convection,oven
deadbolt,dead bolt,collectin,collection,range,oven
closetmade,closet made,spaonges,sponge,stove,fence
closetmaid,closet maid,closer,close,cedar,wood
1x8x8knotty,1x8x8 knotty,bosh,bosch,plywood,wood
smartkey,smart key,trimmer,trim,bench,table
kwikset,kwik set,clipper,clip,cut,trim
handleset,handle set,huskvarna,husqvarna,gazebo,tent
outdoorfurniture,outdoor furniture,vacume,vacuum,v,volt
fiberglas,fiber glass,ridgid,rigid,knob,pull
deerblock,deer block,sealer,seal,cabinet,drawer
shelterlogic,shelter logic,laminet,laminate,chime,bell
storeroom,store room,storeage,storage,hinge,door
strongtie,strong tie,iuron,iron,hatchet,axe
yardguard,yard guard,bakewarte,bakeware,extractor,exhaust
yardgard,yard guard,medalion,medallion,drills,tool
12v,12 v,couchen,couch,bolt,lock
20w,20 w,scooper,scoop,edging,boarder
airstone,air stone,moulding,molding,brick,stone
snowblower,snow blower,tomostat,thermostat,fencing,fence
hardboard,hard board,kide,kidde,canopy,tent
charbroil,char broil,bouganvilla,bougainvillea,polisher,buffer
prehung,pre hung,fabn,fan,cushion,furniture
deckover,deck over,labo,lab,starter,power
cooktop,cook top,showerz,shower,concealment,divider
kitchenfaucet,kitchen faucet,atatchment,attachment,deer,animal
backsplash,back splash,rectangular,rectangle,pail,bucket
pt,pressure treated,rectangele,rectangle,shade,cover
surebond,purebond,transormations,transform,fixture,mount
stairtreads,stair tread,transformation,transform,trolley,cart
stairtek,stair tek,bakewarte,bakeware,tin,metal
waterproof,water proof,shoipping,shopping,iron,metal
c02,carbon dioxide,insecticide,insect,lantern,light
retread,re tread,themostat,thermostat,porch,outdoor
stovetop,stove top,lumionaire,luminaire,patio,outdoor
airfilter,air filter,luminaria,luminaire,mildew,mold
bathroom,bath room,luminarias,luminaire,bracket,tie
rustoleum,rust oleum,mirrir,mirror,safety,lock
byefold,bi fold,lumionaire,luminaire,w,watt
bifold,bi fold,lcoks,lock,rail,guard
clothesline,clothes line,vynil,vinyl,close,door
countertop,counter top,barackets,bracket,rasp,file
concretetile,concrete tile,barreir,barrier,clip,trim
ac,air conditioner,canapu,canopy,pvc,plastic
bakeware,bakeware,ceiling,ceiling,vinyl,plastic
padlock,pad lock,cooper,copper,remover,cleaner
flushmount,flush mount,machette,machete,muriatic,cleaner
woodstove,wood stove,amazone,amazon,cupboard,drawer
lightsensor,light sensor,upholstry,upholstery,driveway,pavement
fireplace,fire place,paoer,paper,patch,seal
firebrick,fire brick,epilateur,epilator,replacement,part
petscreen,pet screen,wastel,waste,trellis,tool
dustpan,dust pan,tighrner,tightener,hook,tool
wheelbarow,Wheel barrow,sheliving,shelving,shed,storage
,,,,box,storage
,,,,coating,paint
,,,,finish,paint
,,,,deck,outdoor
,,,,aluminum,metal
,,,,wash,cleaner
,,,,washer,cleaner
,,,,pantry,closet
,,,,rack,shelve
,,,,edger,trim
,,,,latch,lock
,,,,gate,door
,,,,carport,storage
,,,,garage,storage
,,,,cook,oven
,,,,faucet,plumbing
,,,,couch,furniture
,,,,lithium,battery
,,,,non,anti
,,,,skid,slip
,,,,ft,feet
,,,,quartzite,stone
,,,,panel,tile
,,,,copper,metal
,,,,cu,cubic
,,,,auger,tool
,,,,machine,tool
,,,,vanity,drawer
,,,,proof,seal
,,,,dolly,roller
,,,,air,fan
,,,,timber,wood
,,,,slate,stone
,,,,rock,stone
,,,,tub,bath
,,,,sheathing,cover
,,,,siding,cover
,,,,machete,knife
,,,,switch,electric
,,,,outlet,electric
,,,,spigot,water
,,,,brass,metal
,,,,zapper,insect
,,,,refrigerator,kitchen
,,,,fungicide,fungus
,,,,bug,insect
,,,,drain,plumbing
,,,,fitting,adapter
,,,,range,oven
,,,,fridge,kitchen
,,,,freezer,kitchen
,,,,wrench,tool
,,,,allen,key
,,,,vent,fan
,,,,alert,alarm
,,,,gloss,paint
,,,,primer,paint
,,,,waste,garbage
,,,,container,storage
,,,,pest,insect
,,,,mite,insect
,,,,sink,plumbing
,,,,toilet,plumbing
,,,,trash,garbage
,,,,chair,furniture
,,,,recliner,furniture
,,,,sprayer,spray
,,,,rodent,animal
,,,,bicycle,bike
,,,,tubing,plumbing
,,,,pipe ,plumbing
,,,,kukri,knife
,,,,cady,roller
